category_url,category_name,category_url2,category_name2,category_url3,category_name3,category_url4,category_name4,product_url,product_name,product_SKU
https://www.huntertools.co.il/444350-%D7%91%D7%AA%D7%99%D7%9D-%D7%95%D7%9E%D7%A9%D7%97%D7%A7%D7%99%D7%9D-%D7%9C%D7%9E%D7%9B%D7%A8%D7%A1%D7%9E%D7%99%D7%9D,בתים ומשחקים למכרסמים,https://www.huntertools.co.il/444350-%D7%91%D7%AA%D7%99%D7%9D-%D7%95%D7%9E%D7%A9%D7%97%D7%A7%D7%99%D7%9D-%D7%9C%D7%9E%D7%9B%D7%A8%D7%A1%D7%9E%D7%99%D7%9D/434353-Imac,אימאק,,,,,https://www.gruberfarm.com/items/6770410-%D7%98%D7%95%D7%A0%D7%9C-%D7%9E%D7%A0%D7%94%D7%A8%D7%94-%D7%9C%D7%90%D7%95%D7%92%D7%A8%D7%99%D7%9D-%D7%91%D7%91%D7%9C%D7%99%D7%A1%D7%98%D7%A8-IMAC-%D7%90%D7%99%D7%9E%D7%90%D7%A7,טונל מנהרה לאוגרים (בבליסטר) - IMAC,30120
https://www.huntertools.co.il/444356-%D7%97%D7%98%D7%99%D7%A4%D7%99%D7%9D-%D7%9C%D7%9E%D7%9B%D7%A8%D7%A1%D7%9E%D7%99%D7%9D,חטיפים למכרסמים,https://www.huntertools.co.il/444356-%D7%97%D7%98%D7%99%D7%A4%D7%99%D7%9D-%D7%9C%D7%9E%D7%9B%D7%A8%D7%A1%D7%9E%D7%99%D7%9D/434355-Benelux,בנלוקס,,,,,https://www.gruberfarm.com/items/6633044-%D7%91%D7%A0%D7%9C%D7%95%D7%A7%D7%A1-%D7%97%D7%98%D7%99%D7%A3-%D7%96%D7%A8%D7%A2%D7%99%D7%9D-%D7%9C%D7%A9%D7%A8%D7%A7%D7%9F-%D7%A2%D7%9D-%D7%95%D7%99%D7%98%D7%9E%D7%99%D7%9F-%D7%A1%D7%99-36246,בנלוקס חטיף זרעים לשרקן עם ויטמין סי 36246,43559
https://www.huntertools.co.il/444356-%D7%97%D7%98%D7%99%D7%A4%D7%99%D7%9D-%D7%9C%D7%9E%D7%9B%D7%A8%D7%A1%D7%9E%D7%99%D7%9D,חטיפים למכרסמים,https://www.huntertools.co.il/444356-%D7%97%D7%98%D7%99%D7%A4%D7%99%D7%9D-%D7%9C%D7%9E%D7%9B%D7%A8%D7%A1%D7%9E%D7%99%D7%9D/434355-Benelux,בנלוקס,,,,,https://www.gruberfarm.com/items/6633041-%D7%91%D7%A0%D7%9C%D7%95%D7%A7%D7%A1-%D7%97%D7%98%D7%99%D7%A3-%D7%96%D7%A8%D7%A2%D7%99%D7%9D-%D7%9C%D7%9E%D7%9B%D7%A8%D7%A1%D7%9E%D7%99%D7%9D-%D7%A2%D7%9D-%D7%A4%D7%99%D7%A8%D7%95%D7%AA-%D7%99%D7%A2%D7%A8-36216,בנלוקס חטיף זרעים למכרסמים עם פירות יער 36216,34800
https://www.huntertools.co.il/444320-%D7%9E%D7%96%D7%95%D7%9F-%D7%9C%D7%9E%D7%9B%D7%A8%D7%A1%D7%9E%D7%99%D7%9D,מזון למכרסמים,https://www.huntertools.co.il/444320-%D7%9E%D7%96%D7%95%D7%9F-%D7%9C%D7%9E%D7%9B%D7%A8%D7%A1%D7%9E%D7%99%D7%9D/434355-Benelux,בנלוקס,,,,,https://www.gruberfarm.com/items/6770054-%D7%91%D7%A0%D7%9C%D7%95%D7%A7%D7%A1-%D7%AA%D7%A2%D7%A8%D7%95%D7%91%D7%AA-%D7%9C%D7%90%D7%A8%D7%A0%D7%91%D7%AA-1-5-%D7%A7%D7%92-%D7%95%D7%A8%D7%95%D7%93-6-%D7%99%D7%97-%D7%91%D7%A7%D7%A8%D7%98%D7%95%D7%9F-,בנלוקס תערובת לארנבת 1.5 קג ורוד(6 יח בקרטון),32687
,,,,,,,,https://www.gruberfarm.com/items/6633938-%D7%A4%D7%A0%D7%A1%D7%99-%D7%A4%D7%99%D7%A1%D7%98-%D7%92%D7%A8%D7%99%D7%9C-%D7%A1%D7%9C%D7%9E%D7%95%D7%9F-85-%D7%92%D7%A8%D7%9D,,
https://www.huntertools.co.il/444320-%D7%9E%D7%96%D7%95%D7%9F-%D7%9C%D7%9E%D7%9B%D7%A8%D7%A1%D7%9E%D7%99%D7%9D,מזון למכרסמים,https://www.huntertools.co.il/444320-%D7%9E%D7%96%D7%95%D7%9F-%D7%9C%D7%9E%D7%9B%D7%A8%D7%A1%D7%9E%D7%99%D7%9D/434355-Benelux,בנלוקס,,,,,https://www.gruberfarm.com/items/6770053-%D7%91%D7%A0%D7%9C%D7%95%D7%A7%D7%A1-%D7%90%D7%A8%D7%A0%D7%91%D7%95%D7%AA-1-5-%D7%A7%D7%92-%D7%99%D7%A8%D7%95%D7%A7-6-%D7%99%D7%97-%D7%91%D7%A7%D7%A8%D7%98%D7%95%D7%9F-,בנלוקס ארנבות 1.5 קג ירוק (6 יח בקרטון),32459
https://www.huntertools.co.il/444356-%D7%97%D7%98%D7%99%D7%A4%D7%99%D7%9D-%D7%9C%D7%9E%D7%9B%D7%A8%D7%A1%D7%9E%D7%99%D7%9D,חטיפים למכרסמים,https://www.huntertools.co.il/444356-%D7%97%D7%98%D7%99%D7%A4%D7%99%D7%9D-%D7%9C%D7%9E%D7%9B%D7%A8%D7%A1%D7%9E%D7%99%D7%9D/434355-Benelux,בנלוקס,,,,,https://www.gruberfarm.com/items/6633039-%D7%91%D7%A0%D7%9C%D7%95%D7%A7%D7%A1-%D7%97%D7%98%D7%99%D7%A3-%D7%96%D7%A8%D7%A2%D7%99%D7%9D-%D7%9C%D7%9E%D7%9B%D7%A8%D7%A1%D7%9E%D7%99%D7%9D-%D7%A2%D7%9D-%D7%99%D7%A8%D7%A7%D7%95%D7%AA-36214,בנלוקס חטיף זרעים למכרסמים עם ירקות 36214,34799
https://www.huntertools.co.il/444380-%D7%A9%D7%A8%D7%95%D7%AA%D7%99%D7%9D-%D7%95%D7%94%D7%99%D7%92%D7%99%D7%99%D7%A0%D7%94-%D7%9C%D7%9E%D7%9B%D7%A8%D7%A1%D7%9E%D7%99%D7%9D,שרותים והיגיינה למכרסמים,https://www.huntertools.co.il/444380-%D7%A9%D7%A8%D7%95%D7%AA%D7%99%D7%9D-%D7%95%D7%94%D7%99%D7%92%D7%99%D7%99%D7%A0%D7%94-%D7%9C%D7%9E%D7%9B%D7%A8%D7%A1%D7%9E%D7%99%D7%9D/434360-Hagen,האגן,,,,,https://www.gruberfarm.com/items/6770656-%D7%9E%D7%A6%D7%A2-%D7%9C%D7%9E%D7%9B%D7%A8%D7%A1%D7%9E%D7%99%D7%9D-10-%D7%9C%D7%99%D7%98%D7%A8-%D7%94%D7%92%D7%9F-61261-5-8-%D7%94%D7%90%D7%92%D7%9F,מצע למכרסמים 10 ליטר הגן 61261/5/8,30408
https://www.huntertools.co.il/444318-%D7%90%D7%99%D7%A1%D7%95%D7%A3-%D7%A6%D7%A8%D7%9B%D7%99%D7%9D-%D7%95%D7%A0%D7%98%D7%A8%D7%95%D7%9C-%D7%A8%D7%99%D7%97%D7%95%D7%AA,איסוף צרכים ונטרול ריחות,https://www.huntertools.co.il/444318-%D7%90%D7%99%D7%A1%D7%95%D7%A3-%D7%A6%D7%A8%D7%9B%D7%99%D7%9D-%D7%95%D7%A0%D7%98%D7%A8%D7%95%D7%9C-%D7%A8%D7%99%D7%97%D7%95%D7%AA/434401-Iv-San-Bernard,איב סן ברנרד,,,,,https://www.gruberfarm.com/items/6770809-%D7%A1%D7%9F-%D7%91%D7%A8%D7%A0%D7%A8%D7%93-%D7%A0%D7%98%D7%A8%D7%95%D7%9C-%D7%A8%D7%99%D7%97-%D7%9C%D7%A4%D7%A8%D7%95%D7%94-KS-250-ML-%D7%90%D7%99%D7%91-%D7%A1%D7%9F-%D7%91%D7%A8%D7%A0%D7%A8%D7%93,סן ברנרד נטרול ריח לפרוה KS  250 ML,46047
,,,,,,,,https://www.gruberfarm.com/items/6770052-%D7%91%D7%A0%D7%9C%D7%95%D7%A7%D7%A1-%D7%A9%D7%A8%D7%A7%D7%9F-%D7%95%D7%99%D7%98%D7%9E%D7%99%D7%9F-%D7%A1%D7%99-1-5-%D7%A7%D7%92-%D7%9B%D7%AA%D7%95%D7%9D-6-%D7%99%D7%97-%D7%91%D7%A7%D7%A8%D7%98%D7%95%D7%9F-,,
https://www.huntertools.co.il/444320-%D7%9E%D7%96%D7%95%D7%9F-%D7%9C%D7%9E%D7%9B%D7%A8%D7%A1%D7%9E%D7%99%D7%9D,מזון למכרסמים,https://www.huntertools.co.il/444320-%D7%9E%D7%96%D7%95%D7%9F-%D7%9C%D7%9E%D7%9B%D7%A8%D7%A1%D7%9E%D7%99%D7%9D/434355-Benelux,בנלוקס,,,,,https://www.gruberfarm.com/items/6770053,בנלוקס ארנבות 1.5 קג ירוק (6 יח בקרטון),32459
https://www.huntertools.co.il/444356-%D7%97%D7%98%D7%99%D7%A4%D7%99%D7%9D-%D7%9C%D7%9E%D7%9B%D7%A8%D7%A1%D7%9E%D7%99%D7%9D,חטיפים למכרסמים,https://www.huntertools.co.il/444356-%D7%97%D7%98%D7%99%D7%A4%D7%99%D7%9D-%D7%9C%D7%9E%D7%9B%D7%A8%D7%A1%D7%9E%D7%99%D7%9D/434355-Benelux,בנלוקס,,,,,https://www.gruberfarm.com/items/6633044,בנלוקס חטיף זרעים לשרקן עם ויטמין סי 36246,43559
https://www.huntertools.co.il/444356-%D7%97%D7%98%D7%99%D7%A4%D7%99%D7%9D-%D7%9C%D7%9E%D7%9B%D7%A8%D7%A1%D7%9E%D7%99%D7%9D,חטיפים למכרסמים,https://www.huntertools.co.il/444356-%D7%97%D7%98%D7%99%D7%A4%D7%99%D7%9D-%D7%9C%D7%9E%D7%9B%D7%A8%D7%A1%D7%9E%D7%99%D7%9D/434355-Benelux,בנלוקס,,,,,https://www.gruberfarm.com/items/6633041,בנלוקס חטיף זרעים למכרסמים עם פירות יער 36216,34800
https://www.huntertools.co.il/444320-%D7%9E%D7%96%D7%95%D7%9F-%D7%9C%D7%9E%D7%9B%D7%A8%D7%A1%D7%9E%D7%99%D7%9D,מזון למכרסמים,https://www.huntertools.co.il/444320-%D7%9E%D7%96%D7%95%D7%9F-%D7%9C%D7%9E%D7%9B%D7%A8%D7%A1%D7%9E%D7%99%D7%9D/434355-Benelux,בנלוקס,,,,,https://www.gruberfarm.com/items/6770054,בנלוקס תערובת לארנבת 1.5 קג ורוד(6 יח בקרטון),32687
https://www.huntertools.co.il/444380-%D7%A9%D7%A8%D7%95%D7%AA%D7%99%D7%9D-%D7%95%D7%94%D7%99%D7%92%D7%99%D7%99%D7%A0%D7%94-%D7%9C%D7%9E%D7%9B%D7%A8%D7%A1%D7%9E%D7%99%D7%9D,שרותים והיגיינה למכרסמים,https://www.huntertools.co.il/444380-%D7%A9%D7%A8%D7%95%D7%AA%D7%99%D7%9D-%D7%95%D7%94%D7%99%D7%92%D7%99%D7%99%D7%A0%D7%94-%D7%9C%D7%9E%D7%9B%D7%A8%D7%A1%D7%9E%D7%99%D7%9D/434360-Hagen,האגן,,,,,https://www.gruberfarm.com/items/6770656,מצע למכרסמים 10 ליטר הגן 61261/5/8,30408
https://www.huntertools.co.il/444356-%D7%97%D7%98%D7%99%D7%A4%D7%99%D7%9D-%D7%9C%D7%9E%D7%9B%D7%A8%D7%A1%D7%9E%D7%99%D7%9D,חטיפים למכרסמים,https://www.huntertools.co.il/444356-%D7%97%D7%98%D7%99%D7%A4%D7%99%D7%9D-%D7%9C%D7%9E%D7%9B%D7%A8%D7%A1%D7%9E%D7%99%D7%9D/434355-Benelux,בנלוקס,,,,,https://www.gruberfarm.com/items/6633039,בנלוקס חטיף זרעים למכרסמים עם ירקות 36214,34799
https://www.huntertools.co.il/444350-%D7%91%D7%AA%D7%99%D7%9D-%D7%95%D7%9E%D7%A9%D7%97%D7%A7%D7%99%D7%9D-%D7%9C%D7%9E%D7%9B%D7%A8%D7%A1%D7%9E%D7%99%D7%9D,בתים ומשחקים למכרסמים,https://www.huntertools.co.il/444350-%D7%91%D7%AA%D7%99%D7%9D-%D7%95%D7%9E%D7%A9%D7%97%D7%A7%D7%99%D7%9D-%D7%9C%D7%9E%D7%9B%D7%A8%D7%A1%D7%9E%D7%99%D7%9D/434353-Imac,אימאק,,,,,https://www.gruberfarm.com/items/6770410,טונל מנהרה לאוגרים (בבליסטר) - IMAC,30120
https://www.huntertools.co.il/444318-%D7%90%D7%99%D7%A1%D7%95%D7%A3-%D7%A6%D7%A8%D7%9B%D7%99%D7%9D-%D7%95%D7%A0%D7%98%D7%A8%D7%95%D7%9C-%D7%A8%D7%99%D7%97%D7%95%D7%AA,איסוף צרכים ונטרול ריחות,https://www.huntertools.co.il/444318-%D7%90%D7%99%D7%A1%D7%95%D7%A3-%D7%A6%D7%A8%D7%9B%D7%99%D7%9D-%D7%95%D7%A0%D7%98%D7%A8%D7%95%D7%9C-%D7%A8%D7%99%D7%97%D7%95%D7%AA/434401-Iv-San-Bernard,איב סן ברנרד,,,,,https://www.gruberfarm.com/items/6770809,סן ברנרד נטרול ריח לפרוה KS  250 ML,46047
,,,,,,,,https://www.gruberfarm.com/items/6770237-%D7%91%D7%A0%D7%9C%D7%95%D7%A7%D7%A1-%D7%A4%D7%A8%D7%99%D7%9E%D7%95%D7%A1-%D7%90%D7%95%D7%92%D7%A8%D7%99%D7%9D-%D7%9B%D7%AA%D7%95%D7%9D-2-5-%D7%A7%D7%92,,
,,,,,,,,https://www.gruberfarm.com/items/6770197-%D7%90%D7%A1%D7%A4%D7%A1%D7%AA-%D7%AA%D7%A4%D7%95%D7%97%D7%99%D7%9D-600-%D7%92%D7%A8%D7%9D-%D7%93%D7%97%D7%95%D7%A1-%D7%92%D7%A8%D7%95%D7%91%D7%A8-%D7%A4%D7%90%D7%A8%D7%9D,,
,,,,,,,,https://www.gruberfarm.com/items/6770198-%D7%90%D7%A1%D7%A4%D7%A1%D7%AA-%D7%94%D7%99%D7%91%D7%99%D7%A1%D7%A7%D7%95%D7%A1-600-%D7%92%D7%A8%D7%9D-%D7%93%D7%97%D7%95%D7%A1-%D7%92%D7%A8%D7%95%D7%91%D7%A8-%D7%A4%D7%90%D7%A8%D7%9D,,
,,,,,,,,https://www.gruberfarm.com/items/6770194-%D7%90%D7%A1%D7%A4%D7%A1%D7%AA-%D7%A4%D7%9C%D7%A4%D7%9C%D7%99%D7%9D-600-%D7%92%D7%A8%D7%9D-%D7%93%D7%97%D7%95%D7%A1-%D7%92%D7%A8%D7%95%D7%91%D7%A8-%D7%A4%D7%90%D7%A8%D7%9D,,
,,,,,,,,https://www.gruberfarm.com/items/6770191-%D7%90%D7%A1%D7%A4%D7%A1%D7%AA-500-%D7%92%D7%A8%D7%9D-%D7%92%D7%A8%D7%95%D7%91%D7%A8-%D7%A4%D7%90%D7%A8%D7%9D,,
,,,,,,,,https://www.gruberfarm.com/items/6770192-%D7%90%D7%A1%D7%A4%D7%A1%D7%AA-%D7%90%D7%A4%D7%95%D7%A0%D7%94-600-%D7%92%D7%A8%D7%9D-%D7%93%D7%97%D7%95%D7%A1-%D7%92%D7%A8%D7%95%D7%91%D7%A8-%D7%A4%D7%90%D7%A8%D7%9D,,
,,,,,,,,https://www.gruberfarm.com/items/6633474-%D7%9E%D7%93%D7%99%D7%95%D7%A0%D7%99%D7%A7%D7%A1-%D7%9E%D7%9B%D7%A8%D7%A1%D7%9E%D7%99%D7%9D-20-%D7%A7%D7%92,,
,,,,,,,,https://www.gruberfarm.com/items/6770195-%D7%90%D7%A1%D7%A4%D7%A1%D7%AA-%D7%A7%D7%9C%D7%A0%D7%93%D7%95%D7%9C%D7%94-600-%D7%92%D7%A8%D7%9D-%D7%93%D7%97%D7%95%D7%A1-%D7%92%D7%A8%D7%95%D7%91%D7%A8-%D7%A4%D7%90%D7%A8%D7%9D,,
https://www.huntertools.co.il/444341-%D7%90%D7%95%D7%9B%D7%9C-%D7%9C%D7%9B%D7%9C%D7%91%D7%99%D7%9D,אוכל לכלבים,https://www.huntertools.co.il/444341-%D7%90%D7%95%D7%9B%D7%9C-%D7%9C%D7%9B%D7%9C%D7%91%D7%99%D7%9D/434405-Picolo,פיקולו,,,,,https://www.gruberfarm.com/items/6633916-%D7%A4%D7%99%D7%A7%D7%95%D7%9C%D7%95-%D7%A2%D7%95%D7%A3-%D7%95%D7%91%D7%A8%D7%95%D7%96-%D7%9C%D7%9B%D7%9C%D7%91%D7%99%D7%9D-1-5-%D7%A7%D7%92-117-,פיקולו עוף וברוז לכלבים 1.5 קג (117),38480
,,,,,,,,https://www.gruberfarm.com/items/6770190-%D7%90%D7%A1%D7%A4%D7%A1%D7%AA-%D7%92%D7%96%D7%A8-600-%D7%92%D7%A8%D7%9D-%D7%93%D7%97%D7%95%D7%A1-%D7%92%D7%A8%D7%95%D7%91%D7%A8-%D7%A4%D7%90%D7%A8%D7%9D,,
,,,,,,,,https://www.gruberfarm.com/items/6770199-%D7%90%D7%A1%D7%A4%D7%A1%D7%AA-%D7%A2%D7%9C%D7%99-%D7%95%D7%A8%D7%93%D7%99%D7%9D-600-%D7%92%D7%A8%D7%9D-%D7%93%D7%97%D7%95%D7%A1-%D7%92%D7%A8%D7%95%D7%91%D7%A8-%D7%A4%D7%90%D7%A8%D7%9D,,
,,,,,,,,https://www.gruberfarm.com/items/6770196-%D7%90%D7%A1%D7%A4%D7%A1%D7%AA-%D7%A7%D7%9E%D7%95%D7%9E%D7%99%D7%9C-600-%D7%92%D7%A8%D7%9D-%D7%93%D7%97%D7%95%D7%A1-%D7%92%D7%A8%D7%95%D7%91%D7%A8-%D7%A4%D7%90%D7%A8%D7%9D,,
https://www.huntertools.co.il/444344-%D7%9B%D7%9C%D7%95%D7%91%D7%99%D7%9D-%D7%9C%D7%9E%D7%9B%D7%A8%D7%A1%D7%9E%D7%99%D7%9D,כלובים למכרסמים,https://www.huntertools.co.il/444344-%D7%9B%D7%9C%D7%95%D7%91%D7%99%D7%9D-%D7%9C%D7%9E%D7%9B%D7%A8%D7%A1%D7%9E%D7%99%D7%9D/434353-Imac,אימאק,,,,,https://www.gruberfarm.com/items/6771141-%D7%A7%D7%A8%D7%99%D7%A1%D7%98%D7%99-2-%D7%A6%D7%99%D7%91%D7%A2%D7%95%D7%A0%D7%99-IMAC-%D7%90%D7%99%D7%9E%D7%90%D7%A7,קריסטי 2  ציבעוני - IMAC,29909
https://www.huntertools.co.il/444344-%D7%9B%D7%9C%D7%95%D7%91%D7%99%D7%9D-%D7%9C%D7%9E%D7%9B%D7%A8%D7%A1%D7%9E%D7%99%D7%9D,כלובים למכרסמים,https://www.huntertools.co.il/444344-%D7%9B%D7%9C%D7%95%D7%91%D7%99%D7%9D-%D7%9C%D7%9E%D7%9B%D7%A8%D7%A1%D7%9E%D7%99%D7%9D/434353-Imac,אימאק,,,,,https://www.gruberfarm.com/items/6737568-%D7%A8%D7%95%D7%A0%D7%99-80-IMAC-%D7%90%D7%99%D7%9E%D7%90%D7%A7,רוני 80 - IMAC,34022
https://www.huntertools.co.il/444344-%D7%9B%D7%9C%D7%95%D7%91%D7%99%D7%9D-%D7%9C%D7%9E%D7%9B%D7%A8%D7%A1%D7%9E%D7%99%D7%9D,כלובים למכרסמים,https://www.huntertools.co.il/444344-%D7%9B%D7%9C%D7%95%D7%91%D7%99%D7%9D-%D7%9C%D7%9E%D7%9B%D7%A8%D7%A1%D7%9E%D7%99%D7%9D/434353-Imac,אימאק,,,,,https://www.gruberfarm.com/items/6770836-%D7%A1%D7%A7%D7%95%D7%99%D7%94-%D7%98%D7%95%D7%9C%D7%99-%D7%9B%D7%9C%D7%95%D7%91-%D7%9C%D7%A1%D7%A0%D7%90%D7%99-IMAC-%D7%90%D7%99%D7%9E%D7%90%D7%A7,סקויה טולי כלוב לסנאי - IMAC,29921
https://www.huntertools.co.il/444344-%D7%9B%D7%9C%D7%95%D7%91%D7%99%D7%9D-%D7%9C%D7%9E%D7%9B%D7%A8%D7%A1%D7%9E%D7%99%D7%9D,כלובים למכרסמים,https://www.huntertools.co.il/444344-%D7%9B%D7%9C%D7%95%D7%91%D7%99%D7%9D-%D7%9C%D7%9E%D7%9B%D7%A8%D7%A1%D7%9E%D7%99%D7%9D/434353-Imac,אימאק,,,,,https://www.gruberfarm.com/items/6771091-%D7%A7%D7%99%D7%98-%D7%9C%D7%A4%D7%A0%D7%98%D7%96%D7%99-IMAC-%D7%90%D7%99%D7%9E%D7%90%D7%A7,קיט לפנטזי - IMAC,29944
https://www.huntertools.co.il/444344-%D7%9B%D7%9C%D7%95%D7%91%D7%99%D7%9D-%D7%9C%D7%9E%D7%9B%D7%A8%D7%A1%D7%9E%D7%99%D7%9D,כלובים למכרסמים,https://www.huntertools.co.il/444344-%D7%9B%D7%9C%D7%95%D7%91%D7%99%D7%9D-%D7%9C%D7%9E%D7%9B%D7%A8%D7%A1%D7%9E%D7%99%D7%9D/434353-Imac,אימאק,,,,,https://www.gruberfarm.com/items/6770472-%D7%A8%D7%95%D7%A0%D7%99-100-IMAC-%D7%90%D7%99%D7%9E%D7%90%D7%A7,רוני 100- IMAC,41853
https://www.huntertools.co.il/444344-%D7%9B%D7%9C%D7%95%D7%91%D7%99%D7%9D-%D7%9C%D7%9E%D7%9B%D7%A8%D7%A1%D7%9E%D7%99%D7%9D,כלובים למכרסמים,https://www.huntertools.co.il/444344-%D7%9B%D7%9C%D7%95%D7%91%D7%99%D7%9D-%D7%9C%D7%9E%D7%9B%D7%A8%D7%A1%D7%9E%D7%99%D7%9D/434353-Imac,אימאק,,,,,https://www.gruberfarm.com/items/6770470-%D7%A7%D7%95%D7%99%D7%94-%D7%90%D7%99%D7%96%D7%99-80-%D7%A6%D7%99%D7%91%D7%A2%D7%95%D7%A0%D7%99-IMAC-%D7%90%D7%99%D7%9E%D7%90%D7%A7,קויה איזי 80 ציבעוני - IMAC,29899
https://www.huntertools.co.il/444344-%D7%9B%D7%9C%D7%95%D7%91%D7%99%D7%9D-%D7%9C%D7%9E%D7%9B%D7%A8%D7%A1%D7%9E%D7%99%D7%9D,כלובים למכרסמים,https://www.huntertools.co.il/444344-%D7%9B%D7%9C%D7%95%D7%91%D7%99%D7%9D-%D7%9C%D7%9E%D7%9B%D7%A8%D7%A1%D7%9E%D7%99%D7%9D/434353-Imac,אימאק,,,,,https://www.gruberfarm.com/items/6770214-%D7%91%D7%90%D7%92%D7%99-IMAC-%D7%90%D7%99%D7%9E%D7%90%D7%A7,באגי - IMAC,29940
https://www.huntertools.co.il/444344-%D7%9B%D7%9C%D7%95%D7%91%D7%99%D7%9D-%D7%9C%D7%9E%D7%9B%D7%A8%D7%A1%D7%9E%D7%99%D7%9D,כלובים למכרסמים,https://www.huntertools.co.il/444344-%D7%9B%D7%9C%D7%95%D7%91%D7%99%D7%9D-%D7%9C%D7%9E%D7%9B%D7%A8%D7%A1%D7%9E%D7%99%D7%9D/434353-Imac,אימאק,,,,,https://www.gruberfarm.com/items/6770469-%D7%A7%D7%95%D7%99%D7%94-%D7%90%D7%99%D7%96%D7%99-120-%D7%A6%D7%99%D7%91%D7%A2%D7%95%D7%A0%D7%99-IMAC-%D7%90%D7%99%D7%9E%D7%90%D7%A7,קויה איזי 120 ציבעוני- IMAC,31939
https://www.huntertools.co.il/444344-%D7%9B%D7%9C%D7%95%D7%91%D7%99%D7%9D-%D7%9C%D7%9E%D7%9B%D7%A8%D7%A1%D7%9E%D7%99%D7%9D,כלובים למכרסמים,https://www.huntertools.co.il/444344-%D7%9B%D7%9C%D7%95%D7%91%D7%99%D7%9D-%D7%9C%D7%9E%D7%9B%D7%A8%D7%A1%D7%9E%D7%99%D7%9D/434353-Imac,אימאק,,,,,https://www.gruberfarm.com/items/6770450-%D7%9C%D7%99%D7%9C%D7%95-IMAC-%D7%90%D7%99%D7%9E%D7%90%D7%A7,לילו - IMAC,29945
https://www.huntertools.co.il/444344-%D7%9B%D7%9C%D7%95%D7%91%D7%99%D7%9D-%D7%9C%D7%9E%D7%9B%D7%A8%D7%A1%D7%9E%D7%99%D7%9D,כלובים למכרסמים,https://www.huntertools.co.il/444344-%D7%9B%D7%9C%D7%95%D7%91%D7%99%D7%9D-%D7%9C%D7%9E%D7%9B%D7%A8%D7%A1%D7%9E%D7%99%D7%9D/434353-Imac,אימאק,,,,,https://www.gruberfarm.com/items/6770471-%D7%A7%D7%A8%D7%99%D7%A1%D7%98%D7%99-16-IMAC-%D7%90%D7%99%D7%9E%D7%90%D7%A7,קריסטי 16 - IMAC,29934
https://www.huntertools.co.il/444344-%D7%9B%D7%9C%D7%95%D7%91%D7%99%D7%9D-%D7%9C%D7%9E%D7%9B%D7%A8%D7%A1%D7%9E%D7%99%D7%9D,כלובים למכרסמים,https://www.huntertools.co.il/444344-%D7%9B%D7%9C%D7%95%D7%91%D7%99%D7%9D-%D7%9C%D7%9E%D7%9B%D7%A8%D7%A1%D7%9E%D7%99%D7%9D/434353-Imac,אימאק,,,,,https://www.gruberfarm.com/items/6770449-%D7%91%D7%A0%D7%99-100-IMAC-%D7%90%D7%99%D7%9E%D7%90%D7%A7,בני 100 - IMAC,29906
,,,,,,,,https://www.gruberfarm.com/items/6770193-%D7%90%D7%A1%D7%A4%D7%A1%D7%AA-%D7%96%D7%A8%D7%A2%D7%99-%D7%97%D7%9E%D7%A0%D7%99%D7%95%D7%AA-600-%D7%92%D7%A8%D7%9D-%D7%93%D7%97%D7%95%D7%A1-%D7%92%D7%A8%D7%95%D7%91%D7%A8-%D7%A4%D7%90%D7%A8%D7%9D,,
,,,,,,,,https://www.gruberfarm.com/items/6770907-%D7%A4%D7%A0%D7%98%D7%96%D7%99-IMAC-%D7%90%D7%99%D7%9E%D7%90%D7%A7,,
https://www.huntertools.co.il/444344-%D7%9B%D7%9C%D7%95%D7%91%D7%99%D7%9D-%D7%9C%D7%9E%D7%9B%D7%A8%D7%A1%D7%9E%D7%99%D7%9D,כלובים למכרסמים,https://www.huntertools.co.il/444344-%D7%9B%D7%9C%D7%95%D7%91%D7%99%D7%9D-%D7%9C%D7%9E%D7%9B%D7%A8%D7%A1%D7%9E%D7%99%D7%9D/434353-Imac,אימאק,,,,,https://www.gruberfarm.com/items/6770472,רוני 100- IMAC,41853
,,,,,,,,https://www.gruberfarm.com/items/6771143-%D7%A7%D7%A8%D7%99%D7%A1%D7%98%D7%99-9-IMAC-%D7%90%D7%99%D7%9E%D7%90%D7%A7,,
https://www.huntertools.co.il/444344-%D7%9B%D7%9C%D7%95%D7%91%D7%99%D7%9D-%D7%9C%D7%9E%D7%9B%D7%A8%D7%A1%D7%9E%D7%99%D7%9D,כלובים למכרסמים,https://www.huntertools.co.il/444344-%D7%9B%D7%9C%D7%95%D7%91%D7%99%D7%9D-%D7%9C%D7%9E%D7%9B%D7%A8%D7%A1%D7%9E%D7%99%D7%9D/434353-Imac,אימאק,,,,,https://www.gruberfarm.com/items/6771141,קריסטי 2  ציבעוני - IMAC,29909
,,,,,,,,https://www.gruberfarm.com/items/6770470,,
,,,,,,,,https://www.gruberfarm.com/items/6770129-%D7%90%D7%99%D7%96%D7%99-60-%D7%9B%D7%A1%D7%95%D7%A3-IMAC-%D7%90%D7%99%D7%9E%D7%90%D7%A7,,
https://www.huntertools.co.il/444344-%D7%9B%D7%9C%D7%95%D7%91%D7%99%D7%9D-%D7%9C%D7%9E%D7%9B%D7%A8%D7%A1%D7%9E%D7%99%D7%9D,כלובים למכרסמים,https://www.huntertools.co.il/444344-%D7%9B%D7%9C%D7%95%D7%91%D7%99%D7%9D-%D7%9C%D7%9E%D7%9B%D7%A8%D7%A1%D7%9E%D7%99%D7%9D/434353-Imac,אימאק,,,,,https://www.gruberfarm.com/items/6770471,קריסטי 16 - IMAC,29934
,,,,,,,,https://www.gruberfarm.com/items/6770469,,
https://www.huntertools.co.il/444344-%D7%9B%D7%9C%D7%95%D7%91%D7%99%D7%9D-%D7%9C%D7%9E%D7%9B%D7%A8%D7%A1%D7%9E%D7%99%D7%9D,כלובים למכרסמים,https://www.huntertools.co.il/444344-%D7%9B%D7%9C%D7%95%D7%91%D7%99%D7%9D-%D7%9C%D7%9E%D7%9B%D7%A8%D7%A1%D7%9E%D7%99%D7%9D/434353-Imac,אימאק,,,,,https://www.gruberfarm.com/items/6770836,סקויה טולי כלוב לסנאי - IMAC,29921
https://www.huntertools.co.il/444344-%D7%9B%D7%9C%D7%95%D7%91%D7%99%D7%9D-%D7%9C%D7%9E%D7%9B%D7%A8%D7%A1%D7%9E%D7%99%D7%9D,כלובים למכרסמים,https://www.huntertools.co.il/444344-%D7%9B%D7%9C%D7%95%D7%91%D7%99%D7%9D-%D7%9C%D7%9E%D7%9B%D7%A8%D7%A1%D7%9E%D7%99%D7%9D/434353-Imac,אימאק,,,,,https://www.gruberfarm.com/items/6737568,רוני 80 - IMAC,34022
https://www.huntertools.co.il/444344-%D7%9B%D7%9C%D7%95%D7%91%D7%99%D7%9D-%D7%9C%D7%9E%D7%9B%D7%A8%D7%A1%D7%9E%D7%99%D7%9D,כלובים למכרסמים,https://www.huntertools.co.il/444344-%D7%9B%D7%9C%D7%95%D7%91%D7%99%D7%9D-%D7%9C%D7%9E%D7%9B%D7%A8%D7%A1%D7%9E%D7%99%D7%9D/434353-Imac,אימאק,,,,,https://www.gruberfarm.com/items/6771091,קיט לפנטזי - IMAC,29944
https://www.huntertools.co.il/444344-%D7%9B%D7%9C%D7%95%D7%91%D7%99%D7%9D-%D7%9C%D7%9E%D7%9B%D7%A8%D7%A1%D7%9E%D7%99%D7%9D,כלובים למכרסמים,https://www.huntertools.co.il/444344-%D7%9B%D7%9C%D7%95%D7%91%D7%99%D7%9D-%D7%9C%D7%9E%D7%9B%D7%A8%D7%A1%D7%9E%D7%99%D7%9D/434353-Imac,אימאק,,,,,https://www.gruberfarm.com/items/6770214,באגי - IMAC,29940
,,,,,,,,https://www.gruberfarm.com/items/6729352-%D7%A7%D7%98-%D7%91%D7%9C%D7%95-%D7%99%D7%A8%D7%95%D7%A7-%D7%97%D7%95%D7%9C-%D7%9E%D7%AA%D7%92%D7%91%D7%A9-%D7%9C%D7%91%D7%9F-%D7%98%D7%91%D7%A2%D7%99-18-%D7%9C%D7%99%D7%98%D7%A8,,
,,,,,,,,https://www.gruberfarm.com/items/6633935-%D7%A4%D7%A0%D7%A1%D7%99-%D7%A4%D7%99%D7%A1%D7%98-%D7%92%D7%95%D7%A8%D7%9E%D7%94-%D7%A2%D7%95%D7%A3-85-%D7%92%D7%A8%D7%9D,,
,,,,,,,,https://www.gruberfarm.com/items/6633934-%D7%A4%D7%A0%D7%A1%D7%99-%D7%A0%D7%AA%D7%97%D7%99-%D7%91%D7%A9%D7%A8-%D7%95%D7%A2%D7%95%D7%A3-85-%D7%92%D7%A8%D7%9D-%D7%A4%D7%A0%D7%A1%D7%99-%D7%A4%D7%99%D7%A1%D7%98,,
,,,,,,,,https://www.gruberfarm.com/items/6633936-%D7%A4%D7%A0%D7%A1%D7%99-%D7%A4%D7%99%D7%A1%D7%98-%D7%92%D7%95%D7%A8%D7%9E%D7%94-%D7%A4%D7%99%D7%A8%D7%95%D7%AA-%D7%99%D7%9D-85-%D7%92%D7%A8%D7%9D,,
,,,,,,,,https://www.gruberfarm.com/items/6633937-%D7%A4%D7%A0%D7%A1%D7%99-%D7%A4%D7%99%D7%A1%D7%98-%D7%92%D7%A8%D7%99%D7%9C-%D7%98%D7%95%D7%A0%D7%94-85-%D7%92%D7%A8%D7%9D,,
,,,,,,,,https://www.gruberfarm.com/items/6770231-%D7%91%D7%A0%D7%9C%D7%95%D7%A7%D7%A1-%D7%97%D7%98%D7%99%D7%A3-%D7%96%D7%A8%D7%A2%D7%99%D7%9D-%D7%9C%D7%9E%D7%9B%D7%A8%D7%A1%D7%9E%D7%99%D7%9D-%D7%A2%D7%9D-%D7%A4%D7%99%D7%A8%D7%95%D7%AA-36211,,
https://www.huntertools.co.il/444353-%D7%9B%D7%9C%D7%99-%D7%90%D7%95%D7%9B%D7%9C-%D7%95%D7%9E%D7%99%D7%9D-%D7%9C%D7%9E%D7%9B%D7%A8%D7%A1%D7%9E%D7%99%D7%9D,כלי אוכל ומים למכרסמים,https://www.huntertools.co.il/444353-%D7%9B%D7%9C%D7%99-%D7%90%D7%95%D7%9B%D7%9C-%D7%95%D7%9E%D7%99%D7%9D-%D7%9C%D7%9E%D7%9B%D7%A8%D7%A1%D7%9E%D7%99%D7%9D/434353-Imac,אימאק,,,,,https://www.gruberfarm.com/items/6770639-%D7%9E%D7%A0%D7%92%D7%99%D7%90%D7%98%D7%95%D7%99%D7%94-%D7%A7%D7%A8%D7%99%D7%A1%D7%98%D7%99-%D7%9B%D7%9C%D7%99-%D7%90%D7%95%D7%9B%D7%9C-%D7%9C%D7%90%D7%95%D7%92%D7%A8-%D7%91%D7%91%D7%9C%D7%99%D7%A1%D7%98%D7%A8-IMAC-%D7%90%D7%99%D7%9E%D7%90%D7%A7,מנגיאטויה קריסטי כלי אוכל לאוגר (בבליסטר)- IMAC,30112
,,,,,,,,https://www.gruberfarm.com/items/6770625-%D7%9E%D7%99%D7%A0%D7%99-%D7%91%D7%95%D7%9C-%D7%9B%D7%9C%D7%99-%D7%90%D7%95%D7%9B%D7%9C-%D7%9C%D7%90%D7%95%D7%92%D7%A8-IMAC-%D7%90%D7%99%D7%9E%D7%90%D7%A7,,
,,,,,,,,https://www.gruberfarm.com/items/6770855-%D7%A4%D7%90%D7%9F-%D7%91%D7%95%D7%9C-%D7%9B%D7%9C%D7%99-%D7%90%D7%95%D7%9B%D7%9C-%D7%9C%D7%90%D7%95%D7%92%D7%A8-IMAC-%D7%90%D7%99%D7%9E%D7%90%D7%A7,,
,,,,,,,,https://www.gruberfarm.com/items/6770223-%D7%91%D7%99%D7%91%D7%A8-70-IMAC-%D7%90%D7%99%D7%9E%D7%90%D7%A7,,
,,,,,,,,https://www.gruberfarm.com/items/6770222-%D7%91%D7%99%D7%91%D7%A8-330-IMAC-%D7%90%D7%99%D7%9E%D7%90%D7%A7,,
,,,,,,,,https://www.gruberfarm.com/items/6770221-%D7%91%D7%99%D7%91%D7%A8-200-IMAC-%D7%90%D7%99%D7%9E%D7%90%D7%A7,,
,,,,,,,,https://www.gruberfarm.com/items/6770220-%D7%91%D7%99%D7%91%D7%A8-150-IMAC-%D7%90%D7%99%D7%9E%D7%90%D7%A7,,
,,,,,,,,https://www.gruberfarm.com/items/6771089-%D7%A7%D7%99%D7%95%D7%98%D7%95%D7%9C%D7%94-%D7%90%D7%9E%D7%99-%D7%91%D7%9C%D7%99%D7%A1%D7%98%D7%A8-IMAC-%D7%90%D7%99%D7%9E%D7%90%D7%A7,,
,,,,,,,,https://www.gruberfarm.com/items/6770051-%D7%91%D7%A0%D7%9C%D7%95%D7%A7%D7%A1-%D7%90%D7%95%D7%92%D7%A8%D7%99%D7%9D-1-5-%D7%A7%D7%92-%D7%9B%D7%97%D7%95%D7%9C-6-%D7%99%D7%97-%D7%91%D7%A7%D7%A8%D7%98%D7%95%D7%9F-,,
,,,,,,,,https://www.gruberfarm.com/items/6770224-%D7%91%D7%99%D7%91%D7%A8-800-IMAC-%D7%90%D7%99%D7%9E%D7%90%D7%A7,,
,,,,,,,,https://www.gruberfarm.com/items/7238729-%D7%A0%D7%A1%D7%95%D7%A8%D7%AA-%D7%93%D7%97%D7%95%D7%A1%D7%94-4-%D7%A7%D7%92-64-%D7%9C%D7%99%D7%98%D7%A8-PLOSPAN-%D7%A4%D7%9C%D7%95%D7%A1%D7%A4%D7%9F,,
,,,,,,,,https://www.gruberfarm.com/items/6770732-%D7%A0%D7%A1%D7%95%D7%A8%D7%AA-%D7%93%D7%97%D7%95%D7%A1%D7%94-1-%D7%A7%D7%92-16-%D7%9C%D7%99%D7%98%D7%A8-%D7%A4%D7%9C%D7%95%D7%A1%D7%A4%D7%9F,,
,,,,,,,,https://www.gruberfarm.com/items/6770219-%D7%91%D7%99%D7%91%D7%A8-100-IMAC-%D7%90%D7%99%D7%9E%D7%90%D7%A7,,
https://www.huntertools.co.il/444353-%D7%9B%D7%9C%D7%99-%D7%90%D7%95%D7%9B%D7%9C-%D7%95%D7%9E%D7%99%D7%9D-%D7%9C%D7%9E%D7%9B%D7%A8%D7%A1%D7%9E%D7%99%D7%9D,כלי אוכל ומים למכרסמים,https://www.huntertools.co.il/444353-%D7%9B%D7%9C%D7%99-%D7%90%D7%95%D7%9B%D7%9C-%D7%95%D7%9E%D7%99%D7%9D-%D7%9C%D7%9E%D7%9B%D7%A8%D7%A1%D7%9E%D7%99%D7%9D/434353-Imac,אימאק,,,,,https://www.gruberfarm.com/items/6770639,מנגיאטויה קריסטי כלי אוכל לאוגר (בבליסטר)- IMAC,30112
,,,,,,,,https://www.gruberfarm.com/items/7238730-%D7%9E%D7%A6%D7%A2-%D7%9B%D7%95%D7%A4%D7%AA%D7%99%D7%95%D7%AA-%D7%A2%D7%A5-10-%D7%9C%D7%99%D7%98%D7%A8-%D7%A4%D7%9C%D7%95%D7%A1%D7%A4%D7%9F,,
https://www.huntertools.co.il/444340-%D7%90%D7%95%D7%9B%D7%9C-%D7%9C%D7%97%D7%AA%D7%95%D7%9C%D7%99%D7%9D,אוכל לחתולים,https://www.huntertools.co.il/444340-%D7%90%D7%95%D7%9B%D7%9C-%D7%9C%D7%97%D7%AA%D7%95%D7%9C%D7%99%D7%9D/434418-KENBARY,קנברי,,,,,https://www.gruberfarm.com/items/6771122-%D7%A7%D7%A0%D7%91%D7%A8%D7%99-%D7%A7%D7%99%D7%98%D7%9F-4-%D7%A7-%D7%92,"קנברי קיטן 4 ק""ג",38928
,,,,,,,,https://www.gruberfarm.com/items/6634205-%D7%A7%D7%A0%D7%91%D7%A8%D7%99-%D7%A1%D7%A0%D7%A1%D7%99%D7%99%D7%A9%D7%9F-4-%D7%A7-%D7%92,,
,,,,,,,,https://www.gruberfarm.com/items/6771119-%D7%A7%D7%A0%D7%91%D7%A8%D7%99-%D7%A1%D7%A0%D7%A1%D7%99%D7%99%D7%A9%D7%9F-12-%D7%A7-%D7%92,,
,,,,,,,,https://www.gruberfarm.com/items/6634208-%D7%A7%D7%A0%D7%91%D7%A8%D7%99-%D7%A7%D7%99%D7%98%D7%9F-1-5-%D7%A7-%D7%92,,
,,,,,,,,https://www.gruberfarm.com/items/6771082-%D7%A7%D7%95%D7%A8%D7%9C%D7%99%D7%95%D7%A1-8-10-%D7%A1%D7%9E-%D7%92%D7%A8%D7%95%D7%91%D7%A8-%D7%A4%D7%90%D7%A8%D7%9D,,
,,,,,,,,https://www.gruberfarm.com/items/6771044-%D7%A7%D7%95%D7%9E%D7%98-%D7%9E%D7%99%D7%A7%D7%A1-4-5-%D7%A1%D7%9E-%D7%92%D7%A8%D7%95%D7%91%D7%A8-%D7%A4%D7%90%D7%A8%D7%9D,,
,,,,,,,,https://www.gruberfarm.com/items/6771043-%D7%A7%D7%95%D7%9E%D7%98-%D7%9E%D7%99%D7%A7%D7%A1-%D7%90%D7%93%D7%95%D7%9D-%D7%A6%D7%94%D7%95%D7%91-%D7%A9%D7%95%D7%91%D7%95%D7%A0%D7%A7%D7%99%D7%9F-8-11-%D7%A1%D7%9E-%D7%92%D7%A8%D7%95%D7%91%D7%A8-%D7%A4%D7%90%D7%A8%D7%9D,,
,,,,,,,,https://www.gruberfarm.com/items/6771027-%D7%A7%D7%95%D7%99-%D7%9E%D7%A2%D7%95%D7%A8%D7%91-5-8-%D7%A1%D7%9E-%D7%92%D7%A8%D7%95%D7%91%D7%A8-%D7%A4%D7%90%D7%A8%D7%9D,,
,,,,,,,,https://www.gruberfarm.com/items/6771026-%D7%A7%D7%95%D7%99-%D7%9E%D7%99%D7%A7%D7%A1-8-11-%D7%A1%D7%9E-%D7%92%D7%A8%D7%95%D7%91%D7%A8-%D7%A4%D7%90%D7%A8%D7%9D,,
,,,,,,,,https://www.gruberfarm.com/items/6770766-%D7%A1%D7%99%D7%9C%D7%91%D7%A8-%D7%93%D7%95%D7%9C%D7%A8-%D7%9E%D7%A0%D7%95%D7%A7%D7%93-5-%D7%A1-%D7%9E-%D7%92%D7%A8%D7%95%D7%91%D7%A8-%D7%A4%D7%90%D7%A8%D7%9D,,
,,,,,,,,https://www.gruberfarm.com/items/6737680-%D7%A9%D7%9C%D7%99%D7%99%D7%A8-%D7%9B%D7%99%D7%A4%D7%94-%D7%90%D7%93%D7%95%D7%9E%D7%94-7-9-%D7%A1%D7%9E-%D7%92%D7%A8%D7%95%D7%91%D7%A8-%D7%A4%D7%90%D7%A8%D7%9D,,
,,,,,,,,https://www.gruberfarm.com/items/6771010-%D7%A6%D7%99%D7%A7%D7%9C%D7%99%D7%93-%D7%9E%D7%99%D7%A7%D7%A1-8-10-%D7%92%D7%A8%D7%95%D7%91%D7%A8-%D7%A4%D7%90%D7%A8%D7%9D,,
,,,,,,,,https://www.gruberfarm.com/items/6737682-%D7%A9%D7%9C%D7%99%D7%99%D7%A8-%D7%9E%D7%99%D7%A7%D7%A1-4-5-%D7%A1%D7%9E-%D7%92%D7%A8%D7%95%D7%91%D7%A8-%D7%A4%D7%90%D7%A8%D7%9D,,
,,,,,,,,https://www.gruberfarm.com/items/6770947-%D7%A4%D7%A8%D7%95%D7%A4%D7%99%D7%A9-%D7%91%D7%A7%D7%98%D7%95%D7%9C%D7%99%D7%99%D7%A3-250-%D7%9E-%D7%9C-PROFISH,,
https://www.huntertools.co.il/444340-%D7%90%D7%95%D7%9B%D7%9C-%D7%9C%D7%97%D7%AA%D7%95%D7%9C%D7%99%D7%9D,אוכל לחתולים,https://www.huntertools.co.il/444340-%D7%90%D7%95%D7%9B%D7%9C-%D7%9C%D7%97%D7%AA%D7%95%D7%9C%D7%99%D7%9D/434418-KENBARY,קנברי,,,,,https://www.gruberfarm.com/items/6634203-%D7%A7%D7%A0%D7%91%D7%A8%D7%99-%D7%A1%D7%A0%D7%A1%D7%99%D7%99%D7%A9%D7%9F-1-5-%D7%A7-%D7%92,"קנברי סנסיישן 1.5 ק""ג",38929
https://www.huntertools.co.il/444340-%D7%90%D7%95%D7%9B%D7%9C-%D7%9C%D7%97%D7%AA%D7%95%D7%9C%D7%99%D7%9D,אוכל לחתולים,https://www.huntertools.co.il/444340-%D7%90%D7%95%D7%9B%D7%9C-%D7%9C%D7%97%D7%AA%D7%95%D7%9C%D7%99%D7%9D/434418-KENBARY,קנברי,,,,,https://www.gruberfarm.com/items/6771122,"קנברי קיטן 4 ק""ג",38928
,,,,,,,,https://www.gruberfarm.com/items/6771012-%D7%A6%D7%99%D7%A7%D7%9C%D7%99%D7%93-%D7%9E%D7%99%D7%A7%D7%A1-5-6-%D7%92%D7%A8%D7%95%D7%91%D7%A8-%D7%A4%D7%90%D7%A8%D7%9D,,
,,,,,,,,https://www.gruberfarm.com/items/6770367-%D7%94%D7%90%D7%98-%D7%91%D7%99%D7%AA-%D7%9C%D7%90%D7%95%D7%92%D7%A8-%D7%91%D7%91%D7%9C%D7%99%D7%A1%D7%98%D7%A8-IMAC-%D7%90%D7%99%D7%9E%D7%90%D7%A7,,
,,,,,,,,https://www.gruberfarm.com/items/6770903-%D7%A4%D7%9C%D7%99%D7%99-%D7%94%D7%90%D7%95%D7%A1-%D7%91%D7%99%D7%AA-%D7%9C%D7%9B%D7%9C%D7%95%D7%91%D7%99-%D7%99%D7%95-%D7%99%D7%95-IMAC-%D7%90%D7%99%D7%9E%D7%90%D7%A7,,
,,,,,,,,https://www.gruberfarm.com/items/6771138-%D7%A7%D7%A1%D7%98%D7%94-%D7%A7%D7%A8%D7%99%D7%A1%D7%98%D7%99-%D7%91%D7%99%D7%AA-%D7%9C%D7%90%D7%95%D7%92%D7%A8-%D7%AA%D7%A4%D7%96%D7%95%D7%A8%D7%AA-IMAC-%D7%90%D7%99%D7%9E%D7%90%D7%A7,,
,,,,,,,,https://www.gruberfarm.com/items/6729387-%D7%9B%D7%99%D7%A8%D7%91%D7%95%D7%9C%D7%99%D7%AA-%D7%9C%D7%9E%D7%9B%D7%A8%D7%A1%D7%9E%D7%99%D7%9D-30-%D7%92%D7%A8%D7%9D-%D7%92%D7%A8%D7%95%D7%91%D7%A8-%D7%A4%D7%90%D7%A8%D7%9D,,
,,,,,,,,https://www.gruberfarm.com/items/6737567-%D7%A8%D7%95%D7%98%D7%94-%D7%A6%D7%99%D7%95%D7%A1%D7%94-%D7%92%D7%9C%D7%92%D7%9C-%D7%9C%D7%90%D7%95%D7%92%D7%A8-%D7%91%D7%91%D7%9C%D7%99%D7%A1%D7%98%D7%A8-IMAC-%D7%90%D7%99%D7%9E%D7%90%D7%A7,,
,,,,,,,,https://www.gruberfarm.com/items/6770334-%D7%92%D7%A9%D7%A8-%D7%98%D7%99%D7%91%D7%98%D7%99-%D7%9C%D7%90%D7%95%D7%92%D7%A8%D7%99%D7%9D-%D7%91%D7%91%D7%9C%D7%99%D7%A1%D7%98%D7%A8-IMAC-%D7%90%D7%99%D7%9E%D7%90%D7%A7,,
,,,,,,,,https://www.gruberfarm.com/items/6729386-%D7%9B%D7%99%D7%A8%D7%91%D7%95%D7%9C%D7%99%D7%AA-%D7%9C%D7%90%D7%95%D7%92%D7%A8-500-%D7%92%D7%A8%D7%9D-%D7%92%D7%A8%D7%95%D7%91%D7%A8-%D7%A4%D7%90%D7%A8%D7%9D,,
,,,,,,,,https://www.gruberfarm.com/items/6770328-%D7%A8%D7%95%D7%9C%D7%99-%D7%92%D7%9C%D7%92%D7%9C-%D7%9C%D7%90%D7%95%D7%92%D7%A8-IMAC-%D7%90%D7%99%D7%9E%D7%90%D7%A7,,
,,,,,,,,https://www.gruberfarm.com/items/6770180-%D7%90%D7%9C%D7%A7%D7%95%D7%91%D7%94-IMAC-%D7%90%D7%99%D7%9E%D7%90%D7%A7,,
,,,,,,,,https://www.gruberfarm.com/items/6770830-%D7%A1%D7%A4%D7%99%D7%A8%D7%94-IMAC-%D7%90%D7%99%D7%9E%D7%90%D7%A7,,
,,,,,,,,https://www.gruberfarm.com/items/6888711-%D7%A8%D7%95%D7%91%D7%99-%D7%97%D7%98%D7%99%D7%A3-%D7%9E%D7%A7%D7%9C%D7%95%D7%AA-%D7%A1%D7%9C%D7%9E%D7%95%D7%9F-80-%D7%92%D7%A8%D7%9D-G-32,,
,,,,,,,,https://www.gruberfarm.com/items/6770233-%D7%91%D7%A0%D7%9C%D7%95%D7%A7%D7%A1-%D7%97%D7%98%D7%99%D7%A3-%D7%96%D7%A8%D7%A2%D7%99%D7%9D-%D7%9C%D7%A6%D7%99%D7%A0%D7%A6%D7%99%D7%9C%D7%94-36244,,
https://www.huntertools.co.il/444341-%D7%90%D7%95%D7%9B%D7%9C-%D7%9C%D7%9B%D7%9C%D7%91%D7%99%D7%9D,אוכל לכלבים,https://www.huntertools.co.il/444341-%D7%90%D7%95%D7%9B%D7%9C-%D7%9C%D7%9B%D7%9C%D7%91%D7%99%D7%9D/434418-KENBARY,קנברי,,,,,https://www.gruberfarm.com/items/6771121-%D7%A7%D7%A0%D7%91%D7%A8%D7%99-%D7%A4%D7%90%D7%A4%D7%99-%D7%92-%D7%95%D7%A0%D7%99%D7%95%D7%A8-4-%D7%A7-%D7%92,"קנברי פאפי & ג'וניור 4 ק""ג",38919
,,,,,,,,https://www.gruberfarm.com/items/6771116-%D7%A7%D7%A0%D7%91%D7%A8%D7%99-%D7%9E%D7%99%D7%A0%D7%99-%D7%A4%D7%90%D7%A4%D7%99-4-%D7%A7-%D7%92,,
,,,,,,,,https://www.gruberfarm.com/items/6888710-%D7%A8%D7%95%D7%91%D7%99-%D7%97%D7%98%D7%99%D7%A3-%D7%9E%D7%A7%D7%9C%D7%95%D7%AA-%D7%91%D7%A8%D7%95%D7%95%D7%96-80-%D7%92%D7%A8%D7%9D-G-29,,
,,,,,,,,https://www.gruberfarm.com/items/6771115-%D7%A7%D7%A0%D7%91%D7%A8%D7%99-%D7%9E%D7%99%D7%A0%D7%99-%D7%A4%D7%90%D7%A4%D7%99-1-5-%D7%A7-%D7%92,,
,,,,,,,,https://www.gruberfarm.com/items/6636677-%D7%94%D7%96%D7%9E%D7%A0%D7%AA-%D7%A9%D7%A7-%D7%9E%D7%96%D7%95%D7%9F-%D7%9E%D7%9E%D7%A0%D7%95%D7%99,,
,,,,,,,,https://www.gruberfarm.com/items/6634195-%D7%A7%D7%A0%D7%91%D7%A8%D7%99-%D7%9E%D7%99%D7%A0%D7%99-%D7%98%D7%99%D7%99%D7%A1%D7%98%D7%99-1-5-%D7%A7-%D7%92,,
,,,,,,,,https://www.gruberfarm.com/items/6770735-%D7%A1%D7%95%D7%95%D7%99%D7%98-%D7%94%D7%95%D7%9D-IMAC-%D7%90%D7%99%D7%9E%D7%90%D7%A7,,
,,,,,,,,https://www.gruberfarm.com/items/6888708-%D7%A8%D7%95%D7%91%D7%99-%D7%97%D7%98%D7%99%D7%A3-%D7%91%D7%A8%D7%95%D7%95%D7%96-%D7%95%D7%92%D7%96%D7%A8-80-%D7%92%D7%A8%D7%9D-G-31,,
,,,,,,,,https://www.gruberfarm.com/items/6771120-%D7%A7%D7%A0%D7%91%D7%A8%D7%99-%D7%A4%D7%90%D7%A4%D7%99-%D7%92-%D7%95%D7%A0%D7%99%D7%95%D7%A8-12-%D7%A7-%D7%92,,
,,,,,,,,https://www.gruberfarm.com/items/8113082-%D7%92%D7%A8%D7%95%D7%91%D7%99-%D7%A9%D7%9C%D7%95%D7%A7%D7%99%D7%9D-%D7%A2%D7%95%D7%A3-60-%D7%92%D7%A8%D7%9D,,
,,,,,,,,https://www.gruberfarm.com/items/7133937-%D7%A9%D7%9E%D7%9F-%D7%A1%D7%9C%D7%9E%D7%95%D7%9F-%D7%A0%D7%99%D7%A7%D7%95%D7%9F-N06-%D7%9C%D7%94%D7%A7%D7%9C%D7%94-%D7%9C%D7%9E%D7%A4%D7%A8%D7%A7%D7%99%D7%9D,,
,,,,,,,,https://www.gruberfarm.com/items/7132411-%D7%A0%D7%99%D7%A7%D7%95%D7%9F-NW-%D7%97%D7%AA%D7%95%D7%9C-%D7%9E%D7%A2%D7%95%D7%A7%D7%A8-%D7%9E%D7%A1%D7%95%D7%A8%D7%A1-%D7%99%D7%95%D7%A8%D7%99%D7%A0%D7%A8%D7%99-%D7%93%D7%92-%D7%95%D7%90%D7%95%D7%A8%D7%96-1-5-%D7%A7%D7%92,,
,,,,,,,,https://www.gruberfarm.com/items/8113077-%D7%92%D7%A8%D7%95%D7%91%D7%99-%D7%A9%D7%9C%D7%95%D7%A7%D7%99%D7%9D-%D7%A1%D7%9C%D7%9E%D7%95%D7%9F-%D7%95%D7%91%D7%A7%D7%A8-60-%D7%92%D7%A8%D7%9D,,
,,,,,,,,https://www.gruberfarm.com/items/7133936-%D7%A9%D7%9E%D7%9F-%D7%A1%D7%9C%D7%9E%D7%95%D7%9F-%D7%A0%D7%99%D7%A7%D7%95%D7%9F-N05-%D7%A1%D7%95%D7%A4%D7%A8-%D7%90%D7%95%D7%9E%D7%92%D7%94,,
,,,,,,,,https://www.gruberfarm.com/items/7132398-%D7%A0%D7%99%D7%A7%D7%95%D7%9F-NW-%D7%97%D7%AA%D7%95%D7%9C-%D7%9E%D7%A1%D7%95%D7%A8%D7%A1-%D7%9E%D7%A2%D7%95%D7%A7%D7%A8-%D7%94%D7%95%D7%93%D7%95-%D7%95%D7%90%D7%95%D7%A8%D7%96-400-%D7%92%D7%A8%D7%9D,,
,,,,,,,,https://www.gruberfarm.com/items/7133933-%D7%A9%D7%9E%D7%9F-%D7%A1%D7%9C%D7%9E%D7%95%D7%9F-%D7%A0%D7%99%D7%A7%D7%95%D7%9F-N02-%D7%9C%D7%AA%D7%9E%D7%99%D7%9B%D7%94-%D7%91%D7%9E%D7%A2%D7%A8%D7%9B%D7%AA-%D7%94%D7%A2%D7%99%D7%9B%D7%95%D7%9C,,
,,,,,,,,https://www.gruberfarm.com/items/8113079-%D7%92%D7%A8%D7%95%D7%91%D7%99-%D7%A9%D7%9C%D7%95%D7%A7%D7%99%D7%9D-%D7%98%D7%95%D7%A0%D7%94-%D7%95%D7%A6%D7%93%D7%A4%D7%95%D7%AA-%D7%9C%D7%92%D7%95%D7%A8%D7%99-%D7%97%D7%AA%D7%95%D7%9C%D7%99%D7%9D-60-%D7%92%D7%A8%D7%9D,,
,,,,,,,,https://www.gruberfarm.com/items/7132425-%D7%A0%D7%99%D7%A7%D7%95%D7%9F-NW-%D7%9E%D7%99%D7%A0%D7%99-%D7%A1%D7%9C%D7%9E%D7%95%D7%9F-%D7%95%D7%90%D7%95%D7%A8%D7%96-800-%D7%92%D7%A8%D7%9D,,
,,,,,,,,https://www.gruberfarm.com/items/7862357-%D7%A7%D7%98-%D7%91%D7%9C%D7%95-%D7%97%D7%95%D7%9C-%D7%A1%D7%95%D7%99%D7%94-%D7%9E%D7%AA%D7%92%D7%91%D7%A9-%D7%9C%D7%91%D7%A0%D7%93%D7%A8-2-5-%D7%A7%D7%92,,
,,,,,,,,https://www.gruberfarm.com/items/7862342-%D7%A7%D7%98-%D7%91%D7%9C%D7%95-%D7%97%D7%95%D7%9C-%D7%A1%D7%95%D7%99%D7%94-%D7%98%D7%91%D7%A2%D7%99-%D7%9E%D7%AA%D7%92%D7%91%D7%A9-2-5-%D7%A7%D7%92,,
,,,,,,,,https://www.gruberfarm.com/items/6888746-%D7%A4%D7%93%D7%99%D7%9D-%D7%9C%D7%90%D7%99%D7%9E%D7%95%D7%9F-%D7%92%D7%95%D7%A8%D7%99%D7%9D-%D7%A2%D7%9D-%D7%A4%D7%97%D7%9D-%D7%A4%D7%A2%D7%99%D7%9C-100-%D7%99%D7%97-%D7%93%D7%95%D7%92-%D7%91%D7%9C%D7%95,,
,,,,,,,,https://www.gruberfarm.com/items/6634196-%D7%A7%D7%A0%D7%91%D7%A8%D7%99-%D7%9E%D7%99%D7%A0%D7%99-%D7%98%D7%99%D7%99%D7%A1%D7%98%D7%99-4-%D7%A7-%D7%92,,
,,,,,,,,https://www.gruberfarm.com/items/6634199-%D7%A7%D7%A0%D7%91%D7%A8%D7%99-%D7%A1%D7%9C%D7%9E%D7%95%D7%9F-12-%D7%A7-%D7%92,,
,,,,,,,,https://www.gruberfarm.com/items/7132422-%D7%A0%D7%99%D7%A7%D7%95%D7%9F-NW-%D7%9E%D7%99%D7%A0%D7%99-%D7%97%D7%96%D7%99%D7%A8-%D7%95%D7%90%D7%95%D7%A8%D7%96-800-%D7%92%D7%A8%D7%9D,,
,,,,,,,,https://www.gruberfarm.com/items/7862361-%D7%A7%D7%98-%D7%91%D7%9C%D7%95-%D7%97%D7%95%D7%9C-%D7%A1%D7%95%D7%99%D7%94-%D7%9E%D7%AA%D7%92%D7%91%D7%A9-%D7%90%D7%A4%D7%A8%D7%A1%D7%A7-2-5-%D7%A7%D7%92,,
,,,,,,,,https://www.gruberfarm.com/items/6888722-%D7%90%D7%A8%D7%99%D7%96%D7%95%D7%A0%D7%94-%D7%97%D7%98%D7%99%D7%A3-%D7%9E%D7%A7%D7%9C%D7%95%D7%AA-%D7%91%D7%A8%D7%95%D7%95%D7%96-80-%D7%92%D7%A8%D7%9D-G-5,,
,,,,,,,,https://www.gruberfarm.com/items/6888712-%D7%A8%D7%95%D7%91%D7%99-%D7%97%D7%98%D7%99%D7%A3-%D7%A0%D7%92%D7%99%D7%A1%D7%99-%D7%91%D7%A8%D7%95%D7%95%D7%96-80-%D7%92%D7%A8%D7%9D-G-24,,
,,,,,,,,https://www.gruberfarm.com/items/7862355-%D7%A7%D7%98-%D7%91%D7%9C%D7%95-%D7%97%D7%95%D7%9C-%D7%A1%D7%95%D7%99%D7%94-%D7%9E%D7%AA%D7%92%D7%91%D7%A9-%D7%A2%D7%9D-%D7%A4%D7%97%D7%9D-%D7%A4%D7%A2%D7%99%D7%9C-2-5-%D7%A7%D7%92,,
,,,,,,,,https://www.gruberfarm.com/items/7656008-%D7%9E%D7%99%D7%A7%D7%A1-%D7%94%D7%A4%D7%AA%D7%A2%D7%94-%D7%97%D7%98%D7%99%D7%A4%D7%99%D7%9D-%D7%9C%D7%9B%D7%9C%D7%91%D7%99%D7%9D,,
,,,,,,,,https://www.gruberfarm.com/items/6634210-%D7%A7%D7%A0%D7%91%D7%A8%D7%99-%D7%A7%D7%A8%D7%99%D7%A1%D7%98%D7%9C-4-%D7%A7-%D7%92,,
,,,,,,,,https://www.gruberfarm.com/items/8113081-%D7%92%D7%A8%D7%95%D7%91%D7%99-%D7%A9%D7%9C%D7%95%D7%A7%D7%99%D7%9D-%D7%A1%D7%9C%D7%9E%D7%95%D7%9F-60-%D7%92%D7%A8%D7%9D,,
,,,,,,,,https://www.gruberfarm.com/items/6888745-%D7%A4%D7%93%D7%99%D7%9D-%D7%9C%D7%90%D7%99%D7%9E%D7%95%D7%9F-%D7%92%D7%95%D7%A8%D7%99%D7%9D-100-%D7%99%D7%97-%D7%93%D7%95%D7%92-%D7%91%D7%9C%D7%95,,
,,,,,,,,https://www.gruberfarm.com/items/6634213-%D7%A7%D7%A0%D7%92%D7%9F-%D7%93%D7%A0%D7%98%D7%9C-%D7%9C%D7%97%D7%AA%D7%95%D7%9C-4-%D7%A7%D7%92-48-,,
,,,,,,,,https://www.gruberfarm.com/items/6770941-%D7%A4%D7%A8%D7%95%D7%A4%D7%99%D7%A9-%D7%90%D7%A7%D7%95%D7%95%D7%94-%D7%A4%D7%99%D7%98-%D7%A4%D7%9C%D7%95%D7%A1-1000-%D7%9E-%D7%9C-PROFISH,,
,,,,,,,,https://www.gruberfarm.com/items/6729398-%D7%A4%D7%A8%D7%95%D7%A4%D7%99%D7%A9-%D7%90%D7%A8%D7%98%D7%9E%D7%99%D7%94-%D7%9E%D7%96%D7%95%D7%9F-%D7%A7%D7%A4%D7%95%D7%90,,
,,,,,,,,https://www.gruberfarm.com/items/6770629-%D7%9E%D7%99%D7%A7%D7%A8%D7%95%D7%A1%D7%95%D7%A8%D7%99%D7%95%D7%9D-%D7%A4%D7%98%D7%99%D7%A8%D7%95%D7%A4%D7%95%D7%A1-%D7%98%D7%A8%D7%99%D7%99%D7%93%D7%A0%D7%98-%D7%90%D7%A7%D7%95%D7%95%D7%94-%D7%A4%D7%9C%D7%95%D7%A8,,
,,,,,,,,https://www.gruberfarm.com/items/8113080-%D7%92%D7%A8%D7%95%D7%91%D7%99-%D7%A9%D7%9C%D7%95%D7%A7%D7%99%D7%9D-%D7%98%D7%95%D7%A0%D7%94-60-%D7%92%D7%A8%D7%9D,,
,,,,,,,,https://www.gruberfarm.com/items/6888720-%D7%90%D7%A8%D7%99%D7%96%D7%95%D7%A0%D7%94-%D7%97%D7%98%D7%99%D7%A3-%D7%9E%D7%91%D7%A8%D7%A9%D7%AA-%D7%93%D7%A0%D7%98%D7%9C%D7%99%D7%AA-80-%D7%92%D7%A8%D7%9D-G-10,,
,,,,,,,,https://www.gruberfarm.com/items/6888709-%D7%A8%D7%95%D7%91%D7%99-%D7%97%D7%98%D7%99%D7%A3-%D7%9E%D7%A7%D7%9C%D7%95%D7%AA-%D7%91%D7%A7%D7%A8-80-%D7%92%D7%A8%D7%9D-G-30,,
,,,,,,,,https://www.gruberfarm.com/items/7132428-%D7%A0%D7%99%D7%A7%D7%95%D7%9F-NW-%D7%A1%D7%A0%D7%99%D7%95%D7%A8-%D7%9E%D7%A2%D7%93%D7%9F-%D7%91%D7%A8%D7%95%D7%96-%D7%95%D7%90%D7%95%D7%A8%D7%96-800-%D7%92%D7%A8%D7%9D,,
,,,,,,,,https://www.gruberfarm.com/items/6770101-%D7%90%D7%92%D7%AA%D7%94-%D7%93%D7%9C%D7%95%D7%A7%D7%A1-%D7%9B%D7%97%D7%95%D7%9C-IMAC-%D7%90%D7%99%D7%9E%D7%90%D7%A7,,
,,,,,,,,https://www.gruberfarm.com/items/6770519-%D7%9C%D7%92%D7%95%D7%A0%D7%94-%D7%A4%D7%99%D7%9C%D7%98%D7%A8-%D7%9C%D7%97%D7%A5-17000-%D7%97%D7%93%D7%A9-PT1813-,,
https://www.huntertools.co.il/444335-%D7%97%D7%95%D7%9C-%D7%9C%D7%97%D7%AA%D7%95%D7%9C%D7%99%D7%9D,חול לחתולים,https://www.huntertools.co.il/444335-%D7%97%D7%95%D7%9C-%D7%9C%D7%97%D7%AA%D7%95%D7%9C%D7%99%D7%9D/436695-CAT-BALOO,קט בלו,,,,,https://www.gruberfarm.com/items/6729351-%D7%A7%D7%98-%D7%91%D7%9C%D7%95-%D7%90%D7%93%D7%95%D7%9D-%D7%97%D7%95%D7%9C-%D7%9E%D7%AA%D7%92%D7%91%D7%A9-%D7%A2%D7%9D-%D7%A4%D7%97%D7%9D-%D7%A4%D7%A2%D7%99%D7%9C-18-%D7%9C%D7%99%D7%98%D7%A8,קט בלו ( אדום ) חול מתגבש עם פחם פעיל 18 ליטר,46863
,,,,,,,,https://www.gruberfarm.com/items/6770956-%D7%A4%D7%A8%D7%95%D7%A4%D7%99%D7%A9-%D7%98%D7%A8%D7%95%D7%A4%D7%99%D7%A7-%D7%A7%D7%95%D7%9C%D7%95%D7%A8-250-%D7%9E-%D7%9C-6-PROFISH,,
,,,,,,,,https://www.gruberfarm.com/items/8113076-%D7%92%D7%A8%D7%95%D7%91%D7%99-%D7%A9%D7%9C%D7%95%D7%A7%D7%99%D7%9D-%D7%A1%D7%9C%D7%9E%D7%95%D7%9F-%D7%95%D7%A9%D7%A8%D7%99%D7%9E%D7%A4%D7%A1-60-%D7%92%D7%A8%D7%9D,,
,,,,,,,,https://www.gruberfarm.com/items/6634200-%D7%A7%D7%A0%D7%91%D7%A8%D7%99-%D7%A1%D7%9C%D7%9E%D7%95%D7%9F-4-%D7%A7-%D7%92,,
,,,,,,,,https://www.gruberfarm.com/items/7238731-%D7%9E%D7%A6%D7%A2-%D7%9B%D7%95%D7%A4%D7%AA%D7%99%D7%95%D7%AA-%D7%A2%D7%A5-20-%D7%9C%D7%99%D7%98%D7%A8-%D7%A4%D7%9C%D7%95%D7%A1%D7%A4%D7%9F,,
,,,,,,,,https://www.gruberfarm.com/items/6771142-%D7%A7%D7%A8%D7%99%D7%A1%D7%98%D7%99-7-IMAC-%D7%90%D7%99%D7%9E%D7%90%D7%A7,,
,,,,,,,,https://www.gruberfarm.com/items/6770387-%D7%97%D7%95%D7%9C-%D7%9C%D7%97%D7%AA%D7%95%D7%9C%D7%99%D7%9D-%D7%A7%D7%A8%D7%99%D7%A1%D7%98%D7%9C%D7%99-%D7%A1%D7%99%D7%9C%D7%99%D7%A7%D7%94-%D7%92-%D7%9C-3-6-%D7%9C%D7%99%D7%98%D7%A8-%D7%A7%D7%98-%D7%91%D7%9C%D7%95,,
,,,,,,,,https://www.gruberfarm.com/items/6770948-%D7%A4%D7%A8%D7%95%D7%A4%D7%99%D7%A9-%D7%91%D7%A7%D7%98%D7%95%D7%9C%D7%99%D7%99%D7%A3-500-%D7%9E-%D7%9C-PROFISH,,
,,,,,,,,https://www.gruberfarm.com/items/6770678-%D7%9E%D7%A9%D7%90%D7%91%D7%94-%D7%92-%D7%91%D7%90%D7%95-8000-%D7%9C-%D7%A9-%D7%9E%D7%AA%D7%97-%D7%A0%D7%9E%D7%95%D7%9A-12W-OFE8000LV-Jebao,,
,,,,,,,,https://www.gruberfarm.com/items/6770681-%D7%9E%D7%A9%D7%90%D7%91%D7%94-%D7%9C%D7%92%D7%95%D7%A0%D7%94-16-500-%D7%9C%D7%99%D7%98%D7%A8-%D7%9C%D7%A9%D7%A2%D7%94-8256-PT,,
,,,,,,,,https://www.gruberfarm.com/items/6770058-Eko-Power-%D7%9E%D7%A9%D7%90%D7%91%D7%AA-%D7%9E%D7%99%D7%9D-%D7%A1%D7%A0%D7%9F-9100-%D7%9C-%D7%A9-%D7%A1%D7%99%D7%A6-%D7%94,,
,,,,,,,,https://www.gruberfarm.com/items/6770680-%D7%9E%D7%A9%D7%90%D7%91%D7%94-%D7%9C%D7%92%D7%95%D7%A0%D7%94-11000-%D7%9C%D7%99%D7%98%D7%A8-%D7%9C%D7%A9%D7%A2%D7%94-8252,,
,,,,,,,,https://www.gruberfarm.com/items/6770057-Eko-Power-%D7%9E%D7%A9%D7%90%D7%91%D7%AA-%D7%9E%D7%99%D7%9D-%D7%A1%D7%A0%D7%9F-11500-%D7%9C-%D7%A9-%D7%A1%D7%99%D7%A6-%D7%94,,
,,,,,,,,https://www.gruberfarm.com/items/6770693-%D7%9E%D7%A9%D7%90%D7%91%D7%AA-%D7%9E%D7%99%D7%9D-%D7%94%D7%99%D7%9C%D7%90%D7%94-HX-8890F-PUM-Hailea,,
,,,,,,,,https://www.gruberfarm.com/items/6770677-%D7%9E%D7%A9%D7%90%D7%91%D7%94-%D7%92-%D7%91%D7%90%D7%95-3500-%D7%9C-%D7%A9-%D7%9E%D7%AA%D7%97-%D7%A0%D7%9E%D7%95%D7%9A-OFE-3500LV-12V-Jebao,,
,,,,,,,,https://www.gruberfarm.com/items/6770688-%D7%9E%D7%A9%D7%90%D7%91%D7%AA-%D7%9E%D7%99%D7%9D-%D7%94%D7%99%D7%9C%D7%90%D7%94-HX-8810F-PUMP-Hailea,,
,,,,,,,,https://www.gruberfarm.com/items/6770692-%D7%9E%D7%A9%D7%90%D7%91%D7%AA-%D7%9E%D7%99%D7%9D-%D7%94%D7%99%D7%9C%D7%90%D7%94-HX-8860F-PUM-%D7%9C%D7%92%D7%95%D7%A0%D7%94,,
,,,,,,,,https://www.gruberfarm.com/items/6770690-%D7%9E%D7%A9%D7%90%D7%91%D7%AA-%D7%9E%D7%99%D7%9D-%D7%94%D7%99%D7%9C%D7%90%D7%94-HX-8830F-PUM-%D7%9C%D7%92%D7%95%D7%A0%D7%94,,
,,,,,,,,https://www.gruberfarm.com/items/6770691-%D7%9E%D7%A9%D7%90%D7%91%D7%AA-%D7%9E%D7%99%D7%9D-%D7%94%D7%99%D7%9C%D7%90%D7%94-HX-8840F-PUM-Hailea,,
,,,,,,,,https://www.gruberfarm.com/items/6770689-%D7%9E%D7%A9%D7%90%D7%91%D7%AA-%D7%9E%D7%99%D7%9D-%D7%94%D7%99%D7%9C%D7%90%D7%94-HX-8820F-PUM-Hailea,,
,,,,,,,,https://www.gruberfarm.com/items/8113078-%D7%92%D7%A8%D7%95%D7%91%D7%99-%D7%A9%D7%9C%D7%95%D7%A7%D7%99%D7%9D-%D7%93%D7%92-%D7%A7%D7%95%D7%93-60-%D7%92%D7%A8%D7%9D,,
,,,,,,,,https://www.gruberfarm.com/items/8113075-%D7%92%D7%A8%D7%95%D7%91%D7%99-%D7%A9%D7%9C%D7%95%D7%A7%D7%99%D7%9D-%D7%98%D7%95%D7%A0%D7%94-%D7%95%D7%A9%D7%A8%D7%99%D7%9E%D7%A4%D7%A1-60-%D7%92%D7%A8%D7%9D,,
,,,,,,,,https://www.gruberfarm.com/items/6770104-%D7%90%D7%93%D7%95%D7%95%D7%A0%D7%98%D7%99%D7%A7%D7%A1-1-0-4-%D7%A2%D7%93-10-%D7%A7-%D7%92-%D7%97%D7%93%D7%A9,,
,,,,,,,,https://www.gruberfarm.com/items/6770103-%D7%90%D7%93%D7%95%D7%95%D7%A0%D7%98%D7%99%D7%A7%D7%A1-0-4-%D7%A2%D7%93-4-%D7%A7-%D7%92-4-%D7%90%D7%9E%D7%A4%D7%95%D7%9C%D7%95%D7%AA,,
,,,,,,,,https://www.gruberfarm.com/items/6877261-%D7%A4%D7%A8%D7%95%D7%A0%D7%98%D7%9C%D7%99%D7%99%D7%9F-%D7%AA%D7%A8%D7%A1%D7%99%D7%A1-500-%D7%9E-%D7%9C,,
,,,,,,,,https://www.gruberfarm.com/items/6771040-%D7%A7%D7%95%D7%9C%D7%A8-%D7%A1%D7%A8%D7%A1%D7%98%D7%95-%D7%A7%D7%98%D7%9F-%D7%9C%D7%9B%D7%9C%D7%91-%D7%A0%D7%92%D7%93-%D7%A4%D7%A8%D7%A2%D7%95%D7%A9%D7%99%D7%9D-%D7%95%D7%A7%D7%A8%D7%A6%D7%99%D7%95%D7%AA-%D7%91%D7%90%D7%99%D7%99%D7%A8,,
,,,,,,,,https://www.gruberfarm.com/items/6770106-%D7%90%D7%93%D7%95%D7%95%D7%A0%D7%98%D7%99%D7%A7%D7%A1-4-0-%D7%9E%D7%A2%D7%9C-25-%D7%A7-%D7%92-%D7%97%D7%93%D7%A9,,
,,,,,,,,https://www.gruberfarm.com/items/6770926-%D7%A4%D7%A8%D7%95%D7%A0%D7%98%D7%9C%D7%99%D7%99%D7%9F-%D7%AA%D7%A8%D7%A1%D7%99%D7%A1-250-%D7%9E-%D7%9C,,
,,,,,,,,https://www.gruberfarm.com/items/6770105-%D7%90%D7%93%D7%95%D7%95%D7%A0%D7%98%D7%99%D7%A7%D7%A1-2-5-10-%D7%A2%D7%93-25-%D7%A7-%D7%92-%D7%97%D7%93%D7%A9,,
,,,,,,,,https://www.gruberfarm.com/items/6771038-%D7%A7%D7%95%D7%9C%D7%A8-%D7%A1%D7%A8%D7%A1%D7%98%D7%95-%D7%92%D7%93%D7%95%D7%9C-%D7%9C%D7%9B%D7%9C%D7%91-%D7%A0%D7%92%D7%93-%D7%A4%D7%A8%D7%A2%D7%95%D7%A9%D7%99%D7%9D-%D7%95%D7%A7%D7%A8%D7%A6%D7%99%D7%95%D7%AA-%D7%91%D7%90%D7%99%D7%99%D7%A8-,,
,,,,,,,,https://www.gruberfarm.com/items/6770562-%D7%9E%D7%92%D7%A8%D7%93%D7%AA-%D7%9C%D7%97%D7%AA%D7%95%D7%9C-%D7%98%D7%A0%D7%92%D7%95-30X30X46-IMAC-%D7%90%D7%99%D7%9E%D7%90%D7%A7,,
,,,,,,,,https://www.gruberfarm.com/items/6770565-%D7%9E%D7%92%D7%A8%D7%93%D7%AA-%D7%A7%D7%A8%D7%98%D7%95%D7%9F-%D7%9C%D7%97%D7%AA%D7%95%D7%9C-50-%D7%A1%D7%9E-IMAC-%D7%90%D7%99%D7%9E%D7%90%D7%A7,,
https://www.huntertools.co.il/444385-%D7%9E%D7%95%D7%A6%D7%A8%D7%99-%D7%98%D7%99%D7%A4%D7%95%D7%97-%D7%9C%D7%9B%D7%9C%D7%91%D7%99%D7%9D,מוצרי טיפוח לכלבים,https://www.huntertools.co.il/444385-%D7%9E%D7%95%D7%A6%D7%A8%D7%99-%D7%98%D7%99%D7%A4%D7%95%D7%97-%D7%9C%D7%9B%D7%9C%D7%91%D7%99%D7%9D/434401-Iv-San-Bernard,איב סן ברנרד,,,,,https://www.gruberfarm.com/items/6770821-%D7%A1%D7%9F-%D7%91%D7%A8%D7%A0%D7%A8%D7%93-%D7%A9%D7%9E%D7%A4%D7%95-%D7%A0%D7%92%D7%93-%D7%A7%D7%A8%D7%A6%D7%99%D7%95%D7%AA-%D7%A2%D7%A5-%D7%94%D7%AA%D7%94-300ML-%D7%90%D7%99%D7%91-%D7%A1%D7%9F-%D7%91%D7%A8%D7%A0%D7%A8%D7%93,סן ברנרד שמפו נגד קרציות - עץ התה 300ML,46048
,,,,,,,,https://www.gruberfarm.com/items/7692233-%D7%9E%D7%A9%D7%98%D7%97-%D7%92%D7%99%D7%A8%D7%95%D7%93-%D7%9C%D7%97%D7%AA%D7%95%D7%9C-%D7%93%D7%92%D7%99%D7%9D,,
,,,,,,,,https://www.gruberfarm.com/items/6729397-%D7%A4%D7%A8%D7%A4%D7%A7%D7%98-%D7%A6-%D7%95%D7%99%D7%99%D7%A1-%D7%97%D7%AA%D7%95%D7%9C%D7%99%D7%9D-%D7%A4%D7%A8%D7%A4%D7%A7%D7%98-%D7%A6-%D7%95%D7%99%D7%A1,,
,,,,,,,,https://www.gruberfarm.com/items/6633941-%D7%A4%D7%A0%D7%A1%D7%99-%D7%A4%D7%99%D7%A1%D7%98-%D7%A1%D7%9C%D7%95%D7%9E%D7%95%D7%9F-%D7%95%D7%A1%D7%95%D7%9C-%D7%91%D7%A8%D7%95%D7%98%D7%91-%D7%A2%D7%A9%D7%99%D7%A8-85-%D7%92%D7%A8%D7%9D,,
,,,,,,,,https://www.gruberfarm.com/items/6633940-%D7%A4%D7%A0%D7%A1%D7%99-%D7%A4%D7%99%D7%A1%D7%98-%D7%A0%D7%AA%D7%97%D7%99-%D7%A2%D7%95%D7%A3-85-%D7%92%D7%A8%D7%9D,,
,,,,,,,,https://www.gruberfarm.com/items/6770561-%D7%9E%D7%92%D7%A8%D7%93%D7%AA-%D7%9C%D7%97%D7%AA%D7%95%D7%9C-%D7%91%D7%A7%D7%95%D7%A4%D7%A1%D7%94-%D7%A0%D7%98%D7%95%D7%99%D7%94-48-%D7%A1%D7%9E-IMAC-%D7%90%D7%99%D7%9E%D7%90%D7%A7,,
,,,,,,,,https://www.gruberfarm.com/items/6633939-%D7%A4%D7%A0%D7%A1%D7%99-%D7%A4%D7%99%D7%A1%D7%98-%D7%92%D7%A8%D7%99%D7%9C-%D7%A2%D7%95%D7%A3-85-%D7%92%D7%A8%D7%9D,,
,,,,,,,,https://www.gruberfarm.com/items/7656010-%D7%9E%D7%99%D7%A7%D7%A1-%D7%94%D7%A4%D7%AA%D7%A2%D7%94-%D7%A9%D7%99%D7%9E%D7%95%D7%A8%D7%99-%D7%A9%D7%96%D7%99%D7%A8,,
,,,,,,,,https://www.gruberfarm.com/items/7656009-%D7%9E%D7%99%D7%A7%D7%A1-%D7%94%D7%A4%D7%AA%D7%A2%D7%94-%D7%A9%D7%99%D7%9E%D7%95%D7%A8%D7%99-%D7%A4%D7%A0%D7%A1%D7%99-%D7%A4%D7%99%D7%A1%D7%98,,
,,,,,,,,https://www.gruberfarm.com/items/6633943-%D7%A4%D7%A0%D7%A1%D7%99-%D7%A4%D7%99%D7%A1%D7%98-%D7%A4%D7%98%D7%94-%D7%92%D7%95%D7%A8%D7%9E%D7%94-%D7%A1%D7%9C%D7%9E%D7%95%D7%9F-85-%D7%92%D7%A8%D7%9D,,
,,,,,,,,https://www.gruberfarm.com/items/6633942-%D7%A4%D7%A0%D7%A1%D7%99-%D7%A4%D7%99%D7%A1%D7%98-%D7%A2%D7%95%D7%A3-%D7%91%D7%A8%D7%95%D7%98%D7%91-%D7%A2%D7%A9%D7%99%D7%A8-85-%D7%92%D7%A8%D7%9D,,
https://www.huntertools.co.il/444335-%D7%97%D7%95%D7%9C-%D7%9C%D7%97%D7%AA%D7%95%D7%9C%D7%99%D7%9D,חול לחתולים,https://www.huntertools.co.il/444335-%D7%97%D7%95%D7%9C-%D7%9C%D7%97%D7%AA%D7%95%D7%9C%D7%99%D7%9D/436695-CAT-BALOO,קט בלו,,,,,https://www.gruberfarm.com/items/6729353-%D7%A7%D7%98-%D7%91%D7%9C%D7%95-%D7%A1%D7%92%D7%95%D7%9C-%D7%97%D7%95%D7%9C-%D7%9E%D7%AA%D7%92%D7%91%D7%A9-%D7%A8%D7%99%D7%97%D7%A0%D7%99-18-%D7%9C%D7%99%D7%98%D7%A8,קט בלו ( סגול ) חול מתגבש ריחני  18 ליטר,46862
,,,,,,,,https://www.gruberfarm.com/items/6770134-%D7%90%D7%99%D7%9E%D7%A4%D7%A8%D7%99%D7%90%D7%9C-%D7%9C%D7%91%D7%9F-%D7%97%D7%95%D7%9C-%D7%97%D7%AA%D7%95%D7%9C%D7%99%D7%9D-%D7%9E%D7%AA%D7%92%D7%91%D7%A9-%D7%9E%D7%A0%D7%98%D7%A8%D7%9C-%D7%A8%D7%99%D7%97-10-%D7%9C%D7%99%D7%98%D7%A8,,
,,,,,,,,https://www.gruberfarm.com/items/6770133-%D7%90%D7%99%D7%9E%D7%A4%D7%A8%D7%99%D7%90%D7%9C-%D7%95%D7%A8%D7%95%D7%93-%D7%97%D7%95%D7%9C-%D7%97%D7%AA%D7%95%D7%9C%D7%99%D7%9D-%D7%9E%D7%AA%D7%92%D7%91%D7%A9-%D7%91%D7%A8%D7%99%D7%97-%D7%A0%D7%A2%D7%99%D7%9D-10-%D7%9C%D7%99%D7%98%D7%A8,,
,,,,,,,,https://www.gruberfarm.com/items/6770563-%D7%98%D7%99%D7%A0%D7%95-%D7%9E%D7%92%D7%A8%D7%93%D7%AA-%D7%9C%D7%97%D7%AA%D7%95%D7%9C-%D7%9E%D7%97%D7%A6%D7%9C%D7%AA-%D7%A2%D7%9D-%D7%9B%D7%93%D7%95%D7%A8-48X32-%D7%A1%D7%9E-IMAC-%D7%90%D7%99%D7%9E%D7%90%D7%A7,,
,,,,,,,,https://www.gruberfarm.com/items/6770387-%D7%A7%D7%98-%D7%91%D7%9C%D7%95-%D7%97%D7%95%D7%9C-%D7%9C%D7%97%D7%AA%D7%95%D7%9C%D7%99%D7%9D-%D7%A7%D7%A8%D7%99%D7%A1%D7%98%D7%9C%D7%99-%D7%A1%D7%99%D7%9C%D7%99%D7%A7%D7%94-%D7%92-%D7%9C-3-6-%D7%9C%D7%99%D7%98%D7%A8,,
,,,,,,,,https://www.gruberfarm.com/items/7133934-%D7%A9%D7%9E%D7%9F-%D7%A4%D7%A9%D7%AA%D7%9F-%D7%A0%D7%99%D7%A7%D7%95%D7%9F-N03-%D7%98%D7%91%D7%A2%D7%95%D7%A0%D7%99,,
,,,,,,,,https://www.gruberfarm.com/items/7133935-%D7%A9%D7%9E%D7%9F-%D7%A1%D7%9C%D7%9E%D7%95%D7%9F-%D7%A0%D7%99%D7%A7%D7%95%D7%9F-N04-%D7%9C%D7%94%D7%A4%D7%97%D7%AA%D7%AA-%D7%A8%D7%99%D7%97%D7%95%D7%AA,,
,,,,,,,,https://www.gruberfarm.com/items/7133932-%D7%A9%D7%9E%D7%9F-%D7%A1%D7%9C%D7%9E%D7%95%D7%9F-%D7%A0%D7%99%D7%A7%D7%95%D7%9F-N01-%D7%9C%D7%AA%D7%9E%D7%99%D7%9B%D7%94-%D7%91%D7%9B%D7%9C%D7%99%D7%95%D7%AA,,
